Protocollo;Gruppo;DataOraIncidente;Localizzazione1;STRADA1;Localizzazione2;STRADA2;Strada02;Chilometrica;DaSpecificare;NaturaIncidente;particolaritastrade;TipoStrada;FondoStradale;Pavimentazione;Segnaletica;CondizioneAtmosferica;Traffico;Visibilita;Illuminazione;NUM_FERITI;NUM_RISERVATA;NUM_MORTI;NUM_ILLESI;Longitudine;Latitudine;Confermato;Progressivo;TipoVeicolo;StatoVeicolo;TipoPersona;Sesso;Tipolesione;Deceduto;DecedutoDopo;CinturaCascoUtilizzato;Airbag
1730057;13;16/07/2007 22:10;Strada Urbana;VIA DELL'IDROSCALO;all'intersezione con;PIAZZA MARCO VIPSANIO AGRIPPA;PIAZZA MARCO VIPSANIO AGRIPPA;;;Scontro frontale/laterale DX fra veicoli in marcia;Incrocio;Una carreggiata a doppio senso;Asciutto;Asfaltata;Verticale;Sereno;Scarso;Buona;Sufficiente;0;0;0;2;;;-1;2;Autovettura privata;In marcia / fermata / arresto;Conducente;M;Illeso;0;;Non accertato;Inesistente
1730058;13;17/07/2007 02:00;Strada Urbana;VIALE DELLE REPUBBLICHE MARINARE;all'intersezione con;VIALE VASCO DE GAMA;VIALE VASCO DE GAMA;;;Scontro frontale/laterale SX fra veicoli in marcia;Incrocio;Due carreggiate;Asciutto;Asfaltata;Verticale;Sereno;Scarso;Buona;Sufficiente;1;0;0;2;;;-1;1;Autovettura privata;In marcia / fermata / arresto;Conducente;M;Rimandato;0;NON DECEDUTO;Non accertato;Inesploso
1730058;13;17/07/2007 02:00;Strada Urbana;VIALE DELLE REPUBBLICHE MARINARE;all'intersezione con;VIALE VASCO DE GAMA;VIALE VASCO DE GAMA;;;Scontro frontale/laterale SX fra veicoli in marcia;Incrocio;Due carreggiate;Asciutto;Asfaltata;Verticale;Sereno;Scarso;Buona;Sufficiente;1;0;0;2;;;-1;2;Autovettura privata;In marcia / fermata / arresto;Conducente;M;Illeso;0;;Non accertato;Inesploso
1730058;13;17/07/2007 02:00;Strada Urbana;VIALE DELLE REPUBBLICHE MARINARE;all'intersezione con;VIALE VASCO DE GAMA;VIALE VASCO DE GAMA;;;Scontro frontale/laterale SX fra veicoli in marcia;Incrocio;Due carreggiate;Asciutto;Asfaltata;Verticale;Sereno;Scarso;Buona;Sufficiente;1;0;0;2;;;-1;2;Autovettura privata;In marcia / fermata / arresto;Passeggero;F;Illeso;0;;Non accertato;Inesploso
1730059;13;17/07/2007 09:20;Strada Urbana;VIALE DEI ROMAGNOLI;all'intersezione con;VIA DELLA GENTE SALINATORIA;VIA DELLA GENTE SALINATORIA;;;Scontro frontale/laterale SX fra veicoli in marcia;Incrocio;Una carreggiata a doppio senso;Asciutto;Asfaltata;Verticale ed orizzontale;Sereno;Intenso;Buona;Ore Diurne;0;0;0;2;;;-1;1;Autovettura privata;In marcia / fermata / arresto;Conducente;M;Illeso;0;;Non accertato;Inesploso
1730059;13;17/07/2007 09:20;Strada Urbana;VIALE DEI ROMAGNOLI;all'intersezione con;VIA DELLA GENTE SALINATORIA;VIA DELLA GENTE SALINATORIA;;;Scontro frontale/laterale SX fra veicoli in marcia;Incrocio;Una carreggiata a doppio senso;Asciutto;Asfaltata;Verticale ed orizzontale;Sereno;Intenso;Buona;Ore Diurne;0;0;0;2;;;-1;2;Autovettura privata;In marcia / fermata / arresto;Conducente;F;Illeso;0;;Non accertato;Inesploso
1730060;13;17/07/2007 11:00;Strada Urbana;VIALE DEI ROMAGNOLI;all'intersezione con;VIA GUIDO CALZA;VIA GUIDO CALZA;;;Scontro frontale/laterale SX fra veicoli in marcia;Incrocio;Una carreggiata a doppio senso;Asciutto;Asfaltata;Verticale ed orizzontale;Sereno;Normale;Buona;Ore Diurne;0;0;0;2;;;-1;1;Autovettura privata;In marcia / fermata / arresto;Conducente;M;Illeso;0;;Non accertato;Esploso
1730060;13;17/07/2007 11:00;Strada Urbana;VIALE DEI ROMAGNOLI;all'intersezione con;VIA GUIDO CALZA;VIA GUIDO CALZA;;;Scontro frontale/laterale SX fra veicoli in marcia;Incrocio;Una carreggiata a doppio senso;Asciutto;Asfaltata;Verticale ed orizzontale;Sereno;Normale;Buona;Ore Diurne;0;0;0;2;;;-1;2;Autovettura privata;In marcia / fermata / arresto;Conducente;M;Illeso;0;;Non accertato;Esploso
1730061;13;17/07/2007 11:45;Strada Urbana;PIAZZA ESCHILO;all'intersezione con;VIA DEI PESCATORI;VIA DEI PESCATORI;;;Infortunio per caduta del veicolo;Incrocio;Una carreggiata a senso unico di marcia;Asciutto;Asfaltata;Verticale ed orizzontale;Sereno;Normale;Buona;Ore Diurne;1;0;0;1;;;-1;1;Autovettura privata;In marcia / fermata / arresto;Conducente;M;Illeso;0;;Non accertato;Inesistente
1730061;13;17/07/2007 11:45;Strada Urbana;PIAZZA ESCHILO;all'intersezione con;VIA DEI PESCATORI;VIA DEI PESCATORI;;;Infortunio per caduta del veicolo;Incrocio;Una carreggiata a senso unico di marcia;Asciutto;Asfaltata;Verticale ed orizzontale;Sereno;Normale;Buona;Ore Diurne;1;0;0;1;;;-1;2;Motociclo a solo;In marcia / fermata / arresto;Conducente;M;Rifiuta cure immediate;0;NON DECEDUTO;Utilizzato;Inesistente
1730062;13;17/07/2007 16:15;Strada Urbana;VIA DELLE QUINQUEREMI;all'intersezione con;PIAZZA DEI CANOTTI;PIAZZA DEI CANOTTI;;;Scontro frontale/laterale DX fra veicoli in marcia;Incrocio;Una carreggiata a doppio senso;Asciutto;Asfaltata;Orizzontale;Sereno;Normale;Buona;Ore Diurne;1;0;0;1;;;-1;1;Autovettura privata;In marcia / fermata / arresto;Conducente;F;Rifiuta cure immediate;0;NON DECEDUTO;Non accertato;Inesploso
1730062;13;17/07/2007 16:15;Strada Urbana;VIA DELLE QUINQUEREMI;all'intersezione con;PIAZZA DEI CANOTTI;PIAZZA DEI CANOTTI;;;Scontro frontale/laterale DX fra veicoli in marcia;Incrocio;Una carreggiata a doppio senso;Asciutto;Asfaltata;Orizzontale;Sereno;Normale;Buona;Ore Diurne;1;0;0;1;;;-1;2;Autovettura privata;In marcia / fermata / arresto;Conducente;F;Illeso;0;;Non accertato;Inesploso
1730063;13;17/07/2007 16:50;Strada Urbana;VIA DEL MARE;da specificare;;;;semaforo OSTIA ANTICA direzione ROMA ;Tamponamento;Rettilineo;Una carreggiata a doppio senso;Asciutto;Asfaltata;Orizzontale;Sereno;Normale;Buona;Ore Diurne;1;0;0;4;;;-1;1;Autovettura privata;In marcia / fermata / arresto;Conducente;M;Illeso;0;;Non accertato;Inesploso
1730063;13;17/07/2007 16:50;Strada Urbana;VIA DEL MARE;da specificare;;;;semaforo OSTIA ANTICA direzione ROMA ;Tamponamento;Rettilineo;Una carreggiata a doppio senso;Asciutto;Asfaltata;Orizzontale;Sereno;Normale;Buona;Ore Diurne;1;0;0;4;;;-1;1;Autovettura privata;In marcia / fermata / arresto;Passeggero;F;Illeso;0;;Non accertato;Inesploso
1730063;13;17/07/2007 16:50;Strada Urbana;VIA DEL MARE;da specificare;;;;semaforo OSTIA ANTICA direzione ROMA ;Tamponamento;Rettilineo;Una carreggiata a doppio senso;Asciutto;Asfaltata;Orizzontale;Sereno;Normale;Buona;Ore Diurne;1;0;0;4;;;-1;1;Autovettura privata;In marcia / fermata / arresto;Passeggero;M;Illeso;0;;Non accertato;Inesploso
1730063;13;17/07/2007 16:50;Strada Urbana;VIA DEL MARE;da specificare;;;;semaforo OSTIA ANTICA direzione ROMA ;Tamponamento;Rettilineo;Una carreggiata a doppio senso;Asciutto;Asfaltata;Orizzontale;Sereno;Normale;Buona;Ore Diurne;1;0;0;4;;;-1;2;Autovettura privata;In marcia / fermata / arresto;Conducente;F;Rimandato;0;NON DECEDUTO;Non accertato;Inesploso
1730063;13;17/07/2007 16:50;Strada Urbana;VIA DEL MARE;da specificare;;;;semaforo OSTIA ANTICA direzione ROMA ;Tamponamento;Rettilineo;Una carreggiata a doppio senso;Asciutto;Asfaltata;Orizzontale;Sereno;Normale;Buona;Ore Diurne;1;0;0;4;;;-1;3;Autovettura privata;In marcia / fermata / arresto;Conducente;M;Illeso;0;;Non accertato;Inesploso
1730064;13;18/07/2007 00:15;Strada Urbana;VIA LITORANEA;da specificare;;;;50 MT. PRIMA DI VIA LIDO DI CASTELPORZIANO ;Scontro frontale/laterale DX fra veicoli in marcia;Rettilineo;Due carreggiate;Asciutto;Asfaltata;Orizzontale;Sereno;Scarso;Insufficiente;Inesistente;1;0;0;1;;;-1;1;Autovettura privata;In marcia / fermata / arresto;Conducente;F;Illeso;0;;Non accertato;Inesistente
1730064;13;18/07/2007 00:15;Strada Urbana;VIA LITORANEA;da specificare;;;;50 MT. PRIMA DI VIA LIDO DI CASTELPORZIANO ;Scontro frontale/laterale DX fra veicoli in marcia;Rettilineo;Due carreggiate;Asciutto;Asfaltata;Orizzontale;Sereno;Scarso;Insufficiente;Inesistente;1;0;0;1;;;-1;2;Motociclo a solo;In marcia / fermata / arresto;Conducente;M;Rimandato;0;NON DECEDUTO;Non accertato;Inesistente
1730065;13;01/07/2007 03:45;Strada Urbana;LUNGOMARE DUILIO;all'intersezione con;VIA DEI PESCATORI;VIA DEI PESCATORI;;;Veicoli in marcia contro veicoli fermi;Incrocio;Due carreggiate;Asciutto;Asfaltata;Verticale ed orizzontale;Sereno;Scarso;Buona;Sufficiente;0;0;0;4;;;-1;1;Autovettura privata;In marcia / fermata / arresto;Conducente;M;Illeso;0;;Non accertato;Inesploso
1730065;13;01/07/2007 03:45;Strada Urbana;LUNGOMARE DUILIO;all'intersezione con;VIA DEI PESCATORI;VIA DEI PESCATORI;;;Veicoli in marcia contro veicoli fermi;Incrocio;Due carreggiate;Asciutto;Asfaltata;Verticale ed orizzontale;Sereno;Scarso;Buona;Sufficiente;0;0;0;4;;;-1;1;Autovettura privata;In marcia / fermata / arresto;Passeggero;M;Illeso;0;;Non accertato;Inesploso
1730065;13;01/07/2007 03:45;Strada Urbana;LUNGOMARE DUILIO;all'intersezione con;VIA DEI PESCATORI;VIA DEI PESCATORI;;;Veicoli in marcia contro veicoli fermi;Incrocio;Due carreggiate;Asciutto;Asfaltata;Verticale ed orizzontale;Sereno;Scarso;Buona;Sufficiente;0;0;0;4;;;-1;2;Autovettura privata;In marcia / fermata / arresto;Conducente;M;Illeso;0;;Non accertato;Inesploso
1730065;13;01/07/2007 03:45;Strada Urbana;LUNGOMARE DUILIO;all'intersezione con;VIA DEI PESCATORI;VIA DEI PESCATORI;;;Veicoli in marcia contro veicoli fermi;Incrocio;Due carreggiate;Asciutto;Asfaltata;Verticale ed orizzontale;Sereno;Scarso;Buona;Sufficiente;0;0;0;4;;;-1;3;Autovettura privata;In marcia / fermata / arresto;Conducente;M;Illeso;0;;Non accertato;Inesploso
1730066;15;04/07/2007 08:30;Strada Urbana;VIA DELLA MAGLIANA;da specificare;;;;alt.zza rampa accesso viadotto magliana dir. EUR;Scontro laterale fra veicoli in marcia;Rettilineo;Più di due carreggiate;Asciutto;Asfaltata;Orizzontale;Nuvoloso;Intenso;Buona;Ore Diurne;0;0;0;2;;;-1;1;Motociclo a solo;In marcia / fermata / arresto;Conducente;M;Illeso;0;;Utilizzato;Inesistente
1730066;15;04/07/2007 08:30;Strada Urbana;VIA DELLA MAGLIANA;da specificare;;;;alt.zza rampa accesso viadotto magliana dir. EUR;Scontro laterale fra veicoli in marcia;Rettilineo;Più di due carreggiate;Asciutto;Asfaltata;Orizzontale;Nuvoloso;Intenso;Buona;Ore Diurne;0;0;0;2;;;-1;2;Autovettura privata;In marcia / fermata / arresto;Conducente;F;Illeso;0;;Utilizzato;Inesistente
1730067;15;04/07/2007 09:00;Strada Urbana;VIA PORTUENSE;all'intersezione con;VIA DEL TRULLO;VIA DEL TRULLO;;;Infortunio per caduta del veicolo;Incrocio;Una carreggiata a doppio senso;Asciutto;Asfaltata;Verticale ed orizzontale;Sereno;Normale;Buona;Ore Diurne;1;0;0;0;;;-1;1;Motociclo a solo;In marcia / fermata / arresto;Conducente;M;Rimandato;0;NON DECEDUTO;Utilizzato;Inesistente
1730068;15;04/07/2007 11:40;Strada Urbana;VIA DELLA MAGLIANA;in corrispondenza;;del civico n. ;281/H;;Investimento di pedone;Rettilineo;Una carreggiata a doppio senso;Asciutto;Asfaltata;Orizzontale;Sereno;Normale;Buona;Ore Diurne;2;0;0;0;;;-1;;;;Pedone;F;Ricoverato;0;NON DECEDUTO;;
1730068;15;04/07/2007 11:40;Strada Urbana;VIA DELLA MAGLIANA;in corrispondenza;;del civico n. ;281/H;;Investimento di pedone;Rettilineo;Una carreggiata a doppio senso;Asciutto;Asfaltata;Orizzontale;Sereno;Normale;Buona;Ore Diurne;2;0;0;0;;;-1;1;Motociclo a solo;In marcia / fermata / arresto;Conducente;M;Ricoverato;0;NON DECEDUTO;Utilizzato;Inesistente
1730069;15;04/07/2007 16:35;Strada Urbana;VIA DELLA MAGLIANA;all'intersezione con;VIA DI VALLE LUPARA;VIA DI VALLE LUPARA;;;Scontro laterale fra veicoli in marcia;Incrocio;Una carreggiata a doppio senso;Asciutto;Asfaltata;Verticale ed orizzontale;Sereno;Normale;Buona;Ore Diurne;0;0;0;3;;;-1;1;Autovettura privata;In marcia / fermata / arresto;Conducente;F;Illeso;0;;Utilizzato;Inesistente
1730069;15;04/07/2007 16:35;Strada Urbana;VIA DELLA MAGLIANA;all'intersezione con;VIA DI VALLE LUPARA;VIA DI VALLE LUPARA;;;Scontro laterale fra veicoli in marcia;Incrocio;Una carreggiata a doppio senso;Asciutto;Asfaltata;Verticale ed orizzontale;Sereno;Normale;Buona;Ore Diurne;0;0;0;3;;;-1;1;Autovettura privata;In marcia / fermata / arresto;Passeggero;M;Illeso;0;;Utilizzato;Inesistente
1730069;15;04/07/2007 16:35;Strada Urbana;VIA DELLA MAGLIANA;all'intersezione con;VIA DI VALLE LUPARA;VIA DI VALLE LUPARA;;;Scontro laterale fra veicoli in marcia;Incrocio;Una carreggiata a doppio senso;Asciutto;Asfaltata;Verticale ed orizzontale;Sereno;Normale;Buona;Ore Diurne;0;0;0;3;;;-1;2;Autocarro inferiore 35 q.;In marcia / fermata / arresto;Conducente;M;Illeso;0;;Utilizzato;Inesistente
1730070;15;05/07/2007 06:00;Strada Urbana;VIA PORTUENSE;in corrispondenza;;del civico n. ;553/a;;Veicolo in marcia contro veicolo in sosta;Rettilineo;Una carreggiata a doppio senso;Asciutto;Asfaltata;Orizzontale;Sereno;Scarso;Buona;Ore Diurne;1;0;0;0;;;-1;1;Autovettura privata;In marcia / fermata / arresto;Conducente;F;Rimandato;0;NON DECEDUTO;Utilizzato;Inesploso
1730071;15;05/07/2007 07:50;Strada Urbana;VIA QUIRINO MAJORANA;all'intersezione semaforizzata con;VIA DEL FORNETTO;VIA DEL FORNETTO;;;Scontro frontale/laterale SX fra veicoli in marcia;Intersezione semaforizzata;Una carreggiata a doppio senso;Asciutto;Asfaltata;Verticale ed orizzontale;Sereno;Intenso;Buona;Ore Diurne;0;0;0;2;;;-1;1;Motociclo a solo;In marcia / fermata / arresto;Conducente;M;Illeso;0;;Utilizzato;Inesistente
1730071;15;05/07/2007 07:50;Strada Urbana;VIA QUIRINO MAJORANA;all'intersezione semaforizzata con;VIA DEL FORNETTO;VIA DEL FORNETTO;;;Scontro frontale/laterale SX fra veicoli in marcia;Intersezione semaforizzata;Una carreggiata a doppio senso;Asciutto;Asfaltata;Verticale ed orizzontale;Sereno;Intenso;Buona;Ore Diurne;0;0;0;2;;;-1;2;Autovettura privata;In marcia / fermata / arresto;Conducente;F;Illeso;0;;Utilizzato;Inesistente
1730072;15;05/07/2007 15:15;Strada Urbana;VIA DELLA MAGLIANA;in prossimità;;del civico n. ;375;;Tamponamento Multiplo;Rettilineo;Una carreggiata a doppio senso;Asciutto;Asfaltata;Orizzontale;Sereno;Intenso;Buona;Ore Diurne;0;0;0;4;;;-1;1;Autovettura privata;In marcia / fermata / arresto;Conducente;M;Illeso;0;;Utilizzato;Inesistente
1730072;15;05/07/2007 15:15;Strada Urbana;VIA DELLA MAGLIANA;in prossimità;;del civico n. ;375;;Tamponamento Multiplo;Rettilineo;Una carreggiata a doppio senso;Asciutto;Asfaltata;Orizzontale;Sereno;Intenso;Buona;Ore Diurne;0;0;0;4;;;-1;2;Autovettura privata;In marcia / fermata / arresto;Conducente;M;Illeso;0;;Utilizzato;Inesistente
1730072;15;05/07/2007 15:15;Strada Urbana;VIA DELLA MAGLIANA;in prossimità;;del civico n. ;375;;Tamponamento Multiplo;Rettilineo;Una carreggiata a doppio senso;Asciutto;Asfaltata;Orizzontale;Sereno;Intenso;Buona;Ore Diurne;0;0;0;4;;;-1;3;Autovettura privata;In marcia / fermata / arresto;Conducente;F;Illeso;0;;Utilizzato;Inesistente
1730072;15;05/07/2007 15:15;Strada Urbana;VIA DELLA MAGLIANA;in prossimità;;del civico n. ;375;;Tamponamento Multiplo;Rettilineo;Una carreggiata a doppio senso;Asciutto;Asfaltata;Orizzontale;Sereno;Intenso;Buona;Ore Diurne;0;0;0;4;;;-1;4;Autovettura privata;In marcia / fermata / arresto;Conducente;M;Illeso;0;;Non accertato;Inesistente
1730073;15;05/07/2007 21:55;Strada Urbana;VIA DELLA CASETTA MATTEI;in prossimità;;del civico n. ;61;;Tamponamento;Dosso;Una carreggiata a doppio senso;Asciutto;Asfaltata;Orizzontale;Sereno;Normale;Sufficiente;Sufficiente;1;0;0;1;;;-1;1;Autovettura privata;In marcia / fermata / arresto;Conducente;M;Illeso;0;;Non accertato;Inesploso
1730073;15;05/07/2007 21:55;Strada Urbana;VIA DELLA CASETTA MATTEI;in prossimità;;del civico n. ;61;;Tamponamento;Dosso;Una carreggiata a doppio senso;Asciutto;Asfaltata;Orizzontale;Sereno;Normale;Sufficiente;Sufficiente;1;0;0;1;;;-1;2;Motociclo a solo;In marcia / fermata / arresto;Conducente;M;Rimandato;0;NON DECEDUTO;Utilizzato;Inesistente
1730075;15;06/07/2007 08:15;Strada Urbana;VIA PORTUENSE;in corrispondenza;;del civico n. ;485;;Scontro frontale/laterale SX fra veicoli in marcia;Rettilineo;Una carreggiata a doppio senso;Asciutto;Asfaltata;Orizzontale;Sereno;Normale;Buona;Ore Diurne;1;0;0;1;;;-1;1;Motociclo a solo;In marcia / fermata / arresto;Conducente;M;Ricoverato;0;NON DECEDUTO;Utilizzato;Inesistente
1730075;15;06/07/2007 08:15;Strada Urbana;VIA PORTUENSE;in corrispondenza;;del civico n. ;485;;Scontro frontale/laterale SX fra veicoli in marcia;Rettilineo;Una carreggiata a doppio senso;Asciutto;Asfaltata;Orizzontale;Sereno;Normale;Buona;Ore Diurne;1;0;0;1;;;-1;2;Autocarro inferiore 35 q.;In marcia / fermata / arresto;Conducente;M;Illeso;0;;Utilizzato;Inesistente
1730076;15;06/07/2007 12:00;Strada Urbana;VIA DEL TRULLO;in prossimità;;del civico n. ;60;;Scontro frontale/laterale SX fra veicoli in marcia;Rettilineo;Due carreggiate;Asciutto;Asfaltata;Orizzontale;Sereno;Normale;Buona;Ore Diurne;1;0;0;2;;;-1;1;Autovettura privata;In marcia / fermata / arresto;Conducente;F;Illeso;0;;Utilizzato;Inesistente
1730076;15;06/07/2007 12:00;Strada Urbana;VIA DEL TRULLO;in prossimità;;del civico n. ;60;;Scontro frontale/laterale SX fra veicoli in marcia;Rettilineo;Due carreggiate;Asciutto;Asfaltata;Orizzontale;Sereno;Normale;Buona;Ore Diurne;1;0;0;2;;;-1;1;Autovettura privata;In marcia / fermata / arresto;Passeggero;F;Illeso;0;;Utilizzato;Inesistente
1730076;15;06/07/2007 12:00;Strada Urbana;VIA DEL TRULLO;in prossimità;;del civico n. ;60;;Scontro frontale/laterale SX fra veicoli in marcia;Rettilineo;Due carreggiate;Asciutto;Asfaltata;Orizzontale;Sereno;Normale;Buona;Ore Diurne;1;0;0;2;;;-1;2;Motociclo a solo;In marcia / fermata / arresto;Conducente;M;Rimandato;0;NON DECEDUTO;Utilizzato;Inesistente
1730077;15;06/07/2007 14:30;Strada Urbana;VIALE GIUSEPPE SIRTORI;all'intersezione con;VIA PIETRO MARONCELLI;VIA PIETRO MARONCELLI;;;Scontro frontale/laterale DX fra veicoli in marcia;Incrocio;Due carreggiate;Asciutto;Asfaltata;Verticale ed orizzontale;Sereno;Normale;Buona;Ore Diurne;2;0;0;1;;;-1;1;Autovettura privata;In marcia / fermata / arresto;Conducente;F;Illeso;0;;Utilizzato;Inesistente
1730077;15;06/07/2007 14:30;Strada Urbana;VIALE GIUSEPPE SIRTORI;all'intersezione con;VIA PIETRO MARONCELLI;VIA PIETRO MARONCELLI;;;Scontro frontale/laterale DX fra veicoli in marcia;Incrocio;Due carreggiate;Asciutto;Asfaltata;Verticale ed orizzontale;Sereno;Normale;Buona;Ore Diurne;2;0;0;1;;;-1;2;Motociclo a solo;In marcia / fermata / arresto;Conducente;M;Rimandato;0;NON DECEDUTO;Utilizzato;Inesistente
1730077;15;06/07/2007 14:30;Strada Urbana;VIALE GIUSEPPE SIRTORI;all'intersezione con;VIA PIETRO MARONCELLI;VIA PIETRO MARONCELLI;;;Scontro frontale/laterale DX fra veicoli in marcia;Incrocio;Due carreggiate;Asciutto;Asfaltata;Verticale ed orizzontale;Sereno;Normale;Buona;Ore Diurne;2;0;0;1;;;-1;2;Motociclo a solo;In marcia / fermata / arresto;Passeggero;F;Ricoverato;0;NON DECEDUTO;Utilizzato;Inesistente
1730078;15;06/07/2007 18:05;Strada Urbana;PIAZZA ANTONIO MEUCCI;in corrispondenza;;del civico n. ;18;;Scontro laterale fra veicoli in marcia;Curva a visuale libera;Una carreggiata a senso unico di marcia;Asciutto;Asfaltata;Assente;Sereno;Normale;Buona;Ore Diurne;0;0;0;2;;;-1;1;Autovettura privata;In marcia / fermata / arresto;Conducente;M;Illeso;0;;Utilizzato;Inesistente
1730078;15;06/07/2007 18:05;Strada Urbana;PIAZZA ANTONIO MEUCCI;in corrispondenza;;del civico n. ;18;;Scontro laterale fra veicoli in marcia;Curva a visuale libera;Una carreggiata a senso unico di marcia;Asciutto;Asfaltata;Assente;Sereno;Normale;Buona;Ore Diurne;0;0;0;2;;;-1;2;Autovettura privata;In marcia / fermata / arresto;Conducente;M;Illeso;0;;Utilizzato;Inesistente
1730079;15;06/07/2007 18:15;Strada Urbana;VIA DELLA MAGLIANA;in corrispondenza;;del civico n. ;424;;Scontro frontale/laterale SX fra veicoli in marcia;Rettilineo;Una carreggiata a doppio senso;Asciutto;Asfaltata;Verticale ed orizzontale;Sereno;Intenso;Buona;Ore Diurne;2;0;0;1;;;-1;1;Motociclo con passeggero;In marcia / fermata / arresto;Conducente;M;Rimandato;0;NON DECEDUTO;Utilizzato;Inesistente
1730079;15;06/07/2007 18:15;Strada Urbana;VIA DELLA MAGLIANA;in corrispondenza;;del civico n. ;424;;Scontro frontale/laterale SX fra veicoli in marcia;Rettilineo;Una carreggiata a doppio senso;Asciutto;Asfaltata;Verticale ed orizzontale;Sereno;Intenso;Buona;Ore Diurne;2;0;0;1;;;-1;1;Motociclo con passeggero;In marcia / fermata / arresto;Passeggero;M;Ricoverato;0;NON DECEDUTO;Utilizzato;Inesistente
1730079;15;06/07/2007 18:15;Strada Urbana;VIA DELLA MAGLIANA;in corrispondenza;;del civico n. ;424;;Scontro frontale/laterale SX fra veicoli in marcia;Rettilineo;Una carreggiata a doppio senso;Asciutto;Asfaltata;Verticale ed orizzontale;Sereno;Intenso;Buona;Ore Diurne;2;0;0;1;;;-1;2;Autovettura privata;In marcia / fermata / arresto;Conducente;F;Illeso;0;;Utilizzato;Inesistente
1730080;15;07/07/2007 06:35;Strada Urbana;VIA PORTUENSE;da specificare;;;;altezza sottovia ferroviario via Majorana;Infortunio per caduta del veicolo;Curva senza visuale libera;Una carreggiata a doppio senso;Asciutto;Asfaltata;Orizzontale;Sereno;Scarso;Insufficiente;Ore Diurne;1;0;0;3;;;-1;1;Autovettura privata;In marcia / fermata / arresto;Conducente;M;Illeso;0;;Utilizzato;Inesploso
1730080;15;07/07/2007 06:35;Strada Urbana;VIA PORTUENSE;da specificare;;;;altezza sottovia ferroviario via Majorana;Infortunio per caduta del veicolo;Curva senza visuale libera;Una carreggiata a doppio senso;Asciutto;Asfaltata;Orizzontale;Sereno;Scarso;Insufficiente;Ore Diurne;1;0;0;3;;;-1;1;Autovettura privata;In marcia / fermata / arresto;Passeggero;F;Rimandato;0;NON DECEDUTO;Utilizzato;Inesistente
1730080;15;07/07/2007 06:35;Strada Urbana;VIA PORTUENSE;da specificare;;;;altezza sottovia ferroviario via Majorana;Infortunio per caduta del veicolo;Curva senza visuale libera;Una carreggiata a doppio senso;Asciutto;Asfaltata;Orizzontale;Sereno;Scarso;Insufficiente;Ore Diurne;1;0;0;3;;;-1;1;Autovettura privata;In marcia / fermata / arresto;Passeggero;F;Illeso;0;;Utilizzato;Inesistente
1730080;15;07/07/2007 06:35;Strada Urbana;VIA PORTUENSE;da specificare;;;;altezza sottovia ferroviario via Majorana;Infortunio per caduta del veicolo;Curva senza visuale libera;Una carreggiata a doppio senso;Asciutto;Asfaltata;Orizzontale;Sereno;Scarso;Insufficiente;Ore Diurne;1;0;0;3;;;-1;2;Autocarro inferiore 35 q.;In marcia / fermata / arresto;Conducente;M;Illeso;0;;Utilizzato;Inesistente
1730081;15;07/07/2007 12:35;Strada Urbana;VIA PORTUENSE;in corrispondenza;;del civico n. ;685;;Scontro frontale/laterale DX fra veicoli in marcia;Curva a visuale libera;Due carreggiate;Asciutto;Asfaltata;Orizzontale;Sereno;Normale;Buona;Ore Diurne;0;0;0;2;;;-1;1;Autovettura privata;In marcia / fermata / arresto;Conducente;M;Illeso;0;;Utilizzato;Inesistente
1730081;15;07/07/2007 12:35;Strada Urbana;VIA PORTUENSE;in corrispondenza;;del civico n. ;685;;Scontro frontale/laterale DX fra veicoli in marcia;Curva a visuale libera;Due carreggiate;Asciutto;Asfaltata;Orizzontale;Sereno;Normale;Buona;Ore Diurne;0;0;0;2;;;-1;2;Autovettura privata;In marcia / fermata / arresto;Conducente;F;Illeso;0;;Utilizzato;Inesistente
1730082;15;07/07/2007 17:05;Strada Urbana;VIA DELL'IMPRUNETA;all'intersezione con;PIAZZA FABRIZIO DE ANDRE';PIAZZA FABRIZIO DE ANDRE';;;Infortunio per caduta del veicolo;Incrocio;Due carreggiate;Asciutto;Asfaltata;Orizzontale;Sereno;Scarso;Buona;Ore Diurne;0;0;0;4;;;-1;1;Autovettura privata;In marcia / fermata / arresto;Conducente;M;Illeso;0;;Utilizzato;Inesistente
1730082;15;07/07/2007 17:05;Strada Urbana;VIA DELL'IMPRUNETA;all'intersezione con;PIAZZA FABRIZIO DE ANDRE';PIAZZA FABRIZIO DE ANDRE';;;Infortunio per caduta del veicolo;Incrocio;Due carreggiate;Asciutto;Asfaltata;Orizzontale;Sereno;Scarso;Buona;Ore Diurne;0;0;0;4;;;-1;1;Autovettura privata;In marcia / fermata / arresto;Passeggero;F;Illeso;0;;Utilizzato;Inesistente
1730082;15;07/07/2007 17:05;Strada Urbana;VIA DELL'IMPRUNETA;all'intersezione con;PIAZZA FABRIZIO DE ANDRE';PIAZZA FABRIZIO DE ANDRE';;;Infortunio per caduta del veicolo;Incrocio;Due carreggiate;Asciutto;Asfaltata;Orizzontale;Sereno;Scarso;Buona;Ore Diurne;0;0;0;4;;;-1;2;Autovettura privata;In marcia / fermata / arresto;Conducente;M;Illeso;0;;Utilizzato;Inesistente
1730082;15;07/07/2007 17:05;Strada Urbana;VIA DELL'IMPRUNETA;all'intersezione con;PIAZZA FABRIZIO DE ANDRE';PIAZZA FABRIZIO DE ANDRE';;;Infortunio per caduta del veicolo;Incrocio;Due carreggiate;Asciutto;Asfaltata;Orizzontale;Sereno;Scarso;Buona;Ore Diurne;0;0;0;4;;;-1;2;Autovettura privata;In marcia / fermata / arresto;Passeggero;F;Illeso;0;;Utilizzato;Inesistente