Protocollo;Gruppo;DataOraIncidente;Localizzazione1;STRADA1;Localizzazione2;STRADA2;Strada02;Chilometrica;DaSpecificare;NaturaIncidente;particolaritastrade;TipoStrada;FondoStradale;Pavimentazione;Segnaletica;CondizioneAtmosferica;Traffico;Visibilita;Illuminazione;NUM_FERITI;NUM_RISERVATA;NUM_MORTI;NUM_ILLESI;Longitudine;Latitudine;Confermato;Progressivo;TipoVeicolo;StatoVeicolo;TipoPersona;Sesso;Tipolesione;Deceduto;DecedutoDopo;CinturaCascoUtilizzato;Airbag
1731859;13;25/07/2007 17:05;Strada Urbana;VIADOTTO ATTICO TABACCHI;all'intersezione semaforizzata con;VIA DELLE BALENIERE;VIA DELLE BALENIERE;;;Scontro laterale fra veicoli in marcia;Intersezione semaforizzata;Una carreggiata a senso unico di marcia;Asciutto;Asfaltata;Verticale ed orizzontale;Sereno;Normale;Buona;Ore Diurne;0;0;0;2;;;-1;2;Autovettura privata;In marcia / fermata / arresto;Conducente;M;Illeso;0;;Non accertato;Inesistente
1731860;13;25/07/2007 18:45;Strada Urbana;VIA GIULIANO DA SANGALLO;all'intersezione con;VIA S. PIER DAMIANI;VIA S. PIER DAMIANI;;;Scontro frontale/laterale DX fra veicoli in marcia;Incrocio;Una carreggiata a doppio senso;Asciutto;Asfaltata;Verticale ed orizzontale;Sereno;Normale;Buona;Ore Diurne;1;0;0;1;;;-1;1;Autovettura privata;In marcia / fermata / arresto;Conducente;M;Rimandato;0;NON DECEDUTO;Non accertato;Inesploso
1731860;13;25/07/2007 18:45;Strada Urbana;VIA GIULIANO DA SANGALLO;all'intersezione con;VIA S. PIER DAMIANI;VIA S. PIER DAMIANI;;;Scontro frontale/laterale DX fra veicoli in marcia;Incrocio;Una carreggiata a doppio senso;Asciutto;Asfaltata;Verticale ed orizzontale;Sereno;Normale;Buona;Ore Diurne;1;0;0;1;;;-1;2;Autovettura privata;In marcia / fermata / arresto;Conducente;F;Illeso;0;;Non accertato;Inesploso
1731861;13;25/07/2007 19:15;Strada Urbana;VIALE DEI ROMAGNOLI;da specificare;;;;altezza incrocio Via Maspero;Tamponamento;Rettilineo;Una carreggiata a doppio senso;Asciutto;Asfaltata;Orizzontale;Sereno;Normale;Buona;Ore Diurne;3;0;0;0;;;-1;1;Autovettura privata;In marcia / fermata / arresto;Conducente;M;Rifiuta cure immediate;0;NON DECEDUTO;Non accertato;Inesistente
1731861;13;25/07/2007 19:15;Strada Urbana;VIALE DEI ROMAGNOLI;da specificare;;;;altezza incrocio Via Maspero;Tamponamento;Rettilineo;Una carreggiata a doppio senso;Asciutto;Asfaltata;Orizzontale;Sereno;Normale;Buona;Ore Diurne;3;0;0;0;;;-1;1;Autovettura privata;In marcia / fermata / arresto;Passeggero;M;Rifiuta cure immediate;0;NON DECEDUTO;Non accertato;Inesistente
1731861;13;25/07/2007 19:15;Strada Urbana;VIALE DEI ROMAGNOLI;da specificare;;;;altezza incrocio Via Maspero;Tamponamento;Rettilineo;Una carreggiata a doppio senso;Asciutto;Asfaltata;Orizzontale;Sereno;Normale;Buona;Ore Diurne;3;0;0;0;;;-1;2;Autovettura privata;In marcia / fermata / arresto;Conducente;M;Rimandato;0;NON DECEDUTO;Utilizzato;Inesistente
1731862;13;25/07/2007 20:30;Strada Urbana;VIALE VASCO DE GAMA;all'intersezione semaforizzata con;VIALE CAPITAN CONSALVO;VIALE CAPITAN CONSALVO;;;Tamponamento;Intersezione semaforizzata;Due carreggiate;Asciutto;Asfaltata;Verticale ed orizzontale;Sereno;Normale;Buona;Sufficiente;3;0;0;0;;;-1;1;Autovettura privata;In marcia / fermata / arresto;Conducente;F;Rimandato;0;NON DECEDUTO;Non accertato;Esploso
1731862;13;25/07/2007 20:30;Strada Urbana;VIALE VASCO DE GAMA;all'intersezione semaforizzata con;VIALE CAPITAN CONSALVO;VIALE CAPITAN CONSALVO;;;Tamponamento;Intersezione semaforizzata;Due carreggiate;Asciutto;Asfaltata;Verticale ed orizzontale;Sereno;Normale;Buona;Sufficiente;3;0;0;0;;;-1;1;Autovettura privata;In marcia / fermata / arresto;Passeggero;F;Rimandato;0;NON DECEDUTO;Non accertato;Inesistente
1731862;13;25/07/2007 20:30;Strada Urbana;VIALE VASCO DE GAMA;all'intersezione semaforizzata con;VIALE CAPITAN CONSALVO;VIALE CAPITAN CONSALVO;;;Tamponamento;Intersezione semaforizzata;Due carreggiate;Asciutto;Asfaltata;Verticale ed orizzontale;Sereno;Normale;Buona;Sufficiente;3;0;0;0;;;-1;2;Autovettura privata;In marcia / fermata / arresto;Conducente;M;Rimandato;0;NON DECEDUTO;Non accertato;Inesploso
1731863;15;25/07/2007 06:45;Strada Urbana;VIA PORTUENSE;in prossimità;;del civico n. ;1038;;Tamponamento;Pendenza;Una carreggiata a doppio senso;Asciutto;Asfaltata;Orizzontale;Sereno;Scarso;Sufficiente;Ore Diurne;0;0;0;3;;;-1;1;Autovettura privata;In marcia / fermata / arresto;Conducente;F;Illeso;0;;Utilizzato;Inesistente
1731863;15;25/07/2007 06:45;Strada Urbana;VIA PORTUENSE;in prossimità;;del civico n. ;1038;;Tamponamento;Pendenza;Una carreggiata a doppio senso;Asciutto;Asfaltata;Orizzontale;Sereno;Scarso;Sufficiente;Ore Diurne;0;0;0;3;;;-1;1;Autovettura privata;In marcia / fermata / arresto;Passeggero;F;Illeso;0;;Non accertato;Inesistente
1731863;15;25/07/2007 06:45;Strada Urbana;VIA PORTUENSE;in prossimità;;del civico n. ;1038;;Tamponamento;Pendenza;Una carreggiata a doppio senso;Asciutto;Asfaltata;Orizzontale;Sereno;Scarso;Sufficiente;Ore Diurne;0;0;0;3;;;-1;2;Autovettura privata;In marcia / fermata / arresto;Conducente;F;Illeso;0;;Non accertato;Inesistente
1731864;15;25/07/2007 08:15;Strada Urbana;VIA ANTONIO PACINOTTI;all'intersezione semaforizzata con;PIAZZA DELLA RADIO;PIAZZA DELLA RADIO;;;Tamponamento;Intersezione semaforizzata;Due carreggiate;Asciutto;Asfaltata;Verticale ed orizzontale;Sereno;Normale;Buona;Ore Diurne;0;0;0;2;;;-1;1;Motociclo a solo;In marcia / fermata / arresto;Conducente;F;Illeso;0;;Utilizzato;Inesistente
1731864;15;25/07/2007 08:15;Strada Urbana;VIA ANTONIO PACINOTTI;all'intersezione semaforizzata con;PIAZZA DELLA RADIO;PIAZZA DELLA RADIO;;;Tamponamento;Intersezione semaforizzata;Due carreggiate;Asciutto;Asfaltata;Verticale ed orizzontale;Sereno;Normale;Buona;Ore Diurne;0;0;0;2;;;-1;2;Autovettura privata;In marcia / fermata / arresto;Conducente;F;Illeso;0;;Utilizzato;Inesistente
1731865;15;25/07/2007 18:50;Strada Urbana;VIA GIOVANNI PORZIO;all'intersezione con;VIA PIO TEODORANI;VIA PIO TEODORANI;;;Scontro laterale fra veicoli in marcia;Incrocio;Una carreggiata a doppio senso;Asciutto;Asfaltata;Verticale ed orizzontale;Sereno;Scarso;Buona;Ore Diurne;0;0;0;3;;;-1;1;Autovettura privata;In marcia / fermata / arresto;Conducente;M;Illeso;0;;Utilizzato;Inesistente
1731865;15;25/07/2007 18:50;Strada Urbana;VIA GIOVANNI PORZIO;all'intersezione con;VIA PIO TEODORANI;VIA PIO TEODORANI;;;Scontro laterale fra veicoli in marcia;Incrocio;Una carreggiata a doppio senso;Asciutto;Asfaltata;Verticale ed orizzontale;Sereno;Scarso;Buona;Ore Diurne;0;0;0;3;;;-1;2;Autovettura privata;In marcia / fermata / arresto;Conducente;F;Illeso;0;;Utilizzato;Inesistente
1731865;15;25/07/2007 18:50;Strada Urbana;VIA GIOVANNI PORZIO;all'intersezione con;VIA PIO TEODORANI;VIA PIO TEODORANI;;;Scontro laterale fra veicoli in marcia;Incrocio;Una carreggiata a doppio senso;Asciutto;Asfaltata;Verticale ed orizzontale;Sereno;Scarso;Buona;Ore Diurne;0;0;0;3;;;-1;2;Autovettura privata;In marcia / fermata / arresto;Passeggero;F;Illeso;0;;Utilizzato;Inesistente
1731866;15;26/07/2007 00:20;Strada Urbana;VIA ETTORE PALADINI;all'intersezione con;VIALE DI VIGNA PIA;VIALE DI VIGNA PIA;;;Scontro frontale/laterale SX fra veicoli in marcia;Incrocio;Una carreggiata a senso unico di marcia;Asciutto;Asfaltata;Verticale ed orizzontale;Sereno;Scarso;Buona;Sufficiente;1;0;0;1;;;-1;1;Autovettura privata;In marcia / fermata / arresto;Conducente;M;Illeso;0;;Utilizzato;Inesistente
1731866;15;26/07/2007 00:20;Strada Urbana;VIA ETTORE PALADINI;all'intersezione con;VIALE DI VIGNA PIA;VIALE DI VIGNA PIA;;;Scontro frontale/laterale SX fra veicoli in marcia;Incrocio;Una carreggiata a senso unico di marcia;Asciutto;Asfaltata;Verticale ed orizzontale;Sereno;Scarso;Buona;Sufficiente;1;0;0;1;;;-1;2;Motociclo a solo;In marcia / fermata / arresto;Conducente;M;Rimandato;0;NON DECEDUTO;Utilizzato;Inesistente
1731867;16;05/07/2007 18:15;Strada Urbana;VIA DEL CASALE LUMBROSO;da specificare;;;;altezza parco acquatico Hydromania;Scontro frontale/laterale DX fra veicoli in marcia;Rettilineo;Una carreggiata a doppio senso;Asciutto;Asfaltata;Verticale ed orizzontale;Sereno;Normale;Buona;Ore Diurne;0;0;0;3;;;-1;1;Autovettura privata;In marcia / fermata / arresto;Conducente;F;Illeso;0;;Non accertato;Inesistente
1731867;16;05/07/2007 18:15;Strada Urbana;VIA DEL CASALE LUMBROSO;da specificare;;;;altezza parco acquatico Hydromania;Scontro frontale/laterale DX fra veicoli in marcia;Rettilineo;Una carreggiata a doppio senso;Asciutto;Asfaltata;Verticale ed orizzontale;Sereno;Normale;Buona;Ore Diurne;0;0;0;3;;;-1;2;Autovettura privata;In marcia / fermata / arresto;Conducente;F;Illeso;0;;Non accertato;Inesistente
1731867;16;05/07/2007 18:15;Strada Urbana;VIA DEL CASALE LUMBROSO;da specificare;;;;altezza parco acquatico Hydromania;Scontro frontale/laterale DX fra veicoli in marcia;Rettilineo;Una carreggiata a doppio senso;Asciutto;Asfaltata;Verticale ed orizzontale;Sereno;Normale;Buona;Ore Diurne;0;0;0;3;;;-1;2;Autovettura privata;In marcia / fermata / arresto;Passeggero;M;Illeso;0;;Non accertato;Inesistente
1731868;16;05/07/2007 18:45;Strada Urbana;CIRCONVALLAZIONE GIANICOLENSE;all'intersezione semaforizzata con;VIA QUIRINO MAJORANA;VIA QUIRINO MAJORANA;;;Veicolo in marcia contro veicolo arresto;Intersezione semaforizzata;Più di due carreggiate;Viscido da liquidi oleosi;Asfaltata;Verticale ed orizzontale;Sereno;Intenso;Buona;Ore Diurne;1;0;0;2;;;-1;1;Autovettura privata;In marcia / fermata / arresto;Conducente;M;Illeso;0;;Non accertato;Inesistente
1731868;16;05/07/2007 18:45;Strada Urbana;CIRCONVALLAZIONE GIANICOLENSE;all'intersezione semaforizzata con;VIA QUIRINO MAJORANA;VIA QUIRINO MAJORANA;;;Veicolo in marcia contro veicolo arresto;Intersezione semaforizzata;Più di due carreggiate;Viscido da liquidi oleosi;Asfaltata;Verticale ed orizzontale;Sereno;Intenso;Buona;Ore Diurne;1;0;0;2;;;-1;2;Motociclo a solo;In marcia / fermata / arresto;Conducente;M;Rimandato;0;NON DECEDUTO;Non accertato;Inesistente
1731868;16;05/07/2007 18:45;Strada Urbana;CIRCONVALLAZIONE GIANICOLENSE;all'intersezione semaforizzata con;VIA QUIRINO MAJORANA;VIA QUIRINO MAJORANA;;;Veicolo in marcia contro veicolo arresto;Intersezione semaforizzata;Più di due carreggiate;Viscido da liquidi oleosi;Asfaltata;Verticale ed orizzontale;Sereno;Intenso;Buona;Ore Diurne;1;0;0;2;;;-1;3;Autovettura privata;In marcia / fermata / arresto;Conducente;F;Illeso;0;;Non accertato;Inesistente
1731869;16;05/07/2007 20:40;Strada Urbana;VIALE DEI QUATTRO VENTI;in prossimità;;del civico n. ;162/B;;Infortunio per sola frenata improvvisa;Rettilineo;Una carreggiata a doppio senso;Asciutto;Acciotolata;Assente;Sereno;Scarso;Buona;Sufficiente;1;0;0;1;;;-1;1;Autovettura privata;In marcia / fermata / arresto;Conducente;F;Illeso;0;;Non accertato;Inesistente
1731869;16;05/07/2007 20:40;Strada Urbana;VIALE DEI QUATTRO VENTI;in prossimità;;del civico n. ;162/B;;Infortunio per sola frenata improvvisa;Rettilineo;Una carreggiata a doppio senso;Asciutto;Acciotolata;Assente;Sereno;Scarso;Buona;Sufficiente;1;0;0;1;;;-1;2;Motociclo a solo;In marcia / fermata / arresto;Conducente;M;Rimandato;0;NON DECEDUTO;Non accertato;Inesistente
1731870;16;06/07/2007 11:45;Strada Urbana;VIA DI BRAVETTA;da specificare;;;;altezza Via Arcelli;Tamponamento;Curva a visuale libera;Una carreggiata a doppio senso;Asciutto;Asfaltata;Verticale ed orizzontale;Sereno;Normale;Buona;Ore Diurne;0;0;0;2;;;-1;1;Autovettura privata;In marcia / fermata / arresto;Conducente;F;Illeso;0;;Non accertato;Inesistente
1731870;16;06/07/2007 11:45;Strada Urbana;VIA DI BRAVETTA;da specificare;;;;altezza Via Arcelli;Tamponamento;Curva a visuale libera;Una carreggiata a doppio senso;Asciutto;Asfaltata;Verticale ed orizzontale;Sereno;Normale;Buona;Ore Diurne;0;0;0;2;;;-1;2;Autovettura privata;In marcia / fermata / arresto;Conducente;F;Illeso;0;;Non accertato;Inesistente
1731871;16;06/07/2007 12:15;Strada Urbana;VIA PORTUENSE;in prossimità;;del civico n. ;6;;Scontro laterale fra veicoli in marcia;Rettilineo;Una carreggiata a doppio senso;Asciutto;Asfaltata;Orizzontale;Sereno;Normale;Buona;Ore Diurne;0;0;0;2;;;-1;1;Autocarro inferiore 35 q.;In marcia / fermata / arresto;Conducente;M;Illeso;0;;Non accertato;Inesistente
1731871;16;06/07/2007 12:15;Strada Urbana;VIA PORTUENSE;in prossimità;;del civico n. ;6;;Scontro laterale fra veicoli in marcia;Rettilineo;Una carreggiata a doppio senso;Asciutto;Asfaltata;Orizzontale;Sereno;Normale;Buona;Ore Diurne;0;0;0;2;;;-1;2;Motociclo a solo;In marcia / fermata / arresto;Conducente;M;Illeso;0;;Non accertato;Inesistente
1731872;16;06/07/2007 17:00;Strada Urbana;VIALE DEI COLLI PORTUENSI;all'intersezione con;VIA AURELIO GIUSEPPE AMATUCCI;VIA AURELIO GIUSEPPE AMATUCCI;;;Tamponamento;Intersezione stradale segnalata;Due carreggiate;Asciutto;Asfaltata;Orizzontale;Sereno;Normale;Buona;Ore Diurne;0;0;0;3;;;-1;1;Autovettura privata;In marcia / fermata / arresto;Conducente;F;Illeso;0;;Non accertato;Inesistente
1731872;16;06/07/2007 17:00;Strada Urbana;VIALE DEI COLLI PORTUENSI;all'intersezione con;VIA AURELIO GIUSEPPE AMATUCCI;VIA AURELIO GIUSEPPE AMATUCCI;;;Tamponamento;Intersezione stradale segnalata;Due carreggiate;Asciutto;Asfaltata;Orizzontale;Sereno;Normale;Buona;Ore Diurne;0;0;0;3;;;-1;1;Autovettura privata;In marcia / fermata / arresto;Passeggero;F;Illeso;0;;Non accertato;Inesistente
1731872;16;06/07/2007 17:00;Strada Urbana;VIALE DEI COLLI PORTUENSI;all'intersezione con;VIA AURELIO GIUSEPPE AMATUCCI;VIA AURELIO GIUSEPPE AMATUCCI;;;Tamponamento;Intersezione stradale segnalata;Due carreggiate;Asciutto;Asfaltata;Orizzontale;Sereno;Normale;Buona;Ore Diurne;0;0;0;3;;;-1;2;Autovettura privata;In marcia / fermata / arresto;Conducente;M;Illeso;0;;Non accertato;Inesistente
1731873;16;07/07/2007 16:00;Strada Urbana;PIAZZA BIAGIO PACE;in prossimità;;del fronte civico n. ;27/28;;Scontro frontale/laterale DX fra veicoli in marcia;Rettilineo;Una carreggiata a doppio senso;Asciutto;Asfaltata;Orizzontale;Sereno;Normale;Buona;Ore Diurne;1;0;0;1;;;-1;1;Autovettura privata;In marcia / fermata / arresto;Conducente;M;Illeso;0;;Non accertato;Inesistente
1731873;16;07/07/2007 16:00;Strada Urbana;PIAZZA BIAGIO PACE;in prossimità;;del fronte civico n. ;27/28;;Scontro frontale/laterale DX fra veicoli in marcia;Rettilineo;Una carreggiata a doppio senso;Asciutto;Asfaltata;Orizzontale;Sereno;Normale;Buona;Ore Diurne;1;0;0;1;;;-1;2;Motociclo a solo;In marcia / fermata / arresto;Conducente;M;Rimandato;0;NON DECEDUTO;Non accertato;Inesistente
1731874;16;01/07/2007 16:30;Strada Urbana;VIA DI DONNA OLIMPIA;in prossimità;;del civico n. ;185;;Scontro frontale/laterale SX fra veicoli in marcia;Rettilineo;Una carreggiata a doppio senso;Asciutto;Asfaltata;Orizzontale;Sereno;Normale;Buona;Ore Diurne;2;0;0;2;;;-1;1;Autovettura privata;In marcia / fermata / arresto;Conducente;F;Illeso;0;;Non accertato;Inesistente
1731874;16;01/07/2007 16:30;Strada Urbana;VIA DI DONNA OLIMPIA;in prossimità;;del civico n. ;185;;Scontro frontale/laterale SX fra veicoli in marcia;Rettilineo;Una carreggiata a doppio senso;Asciutto;Asfaltata;Orizzontale;Sereno;Normale;Buona;Ore Diurne;2;0;0;2;;;-1;1;Autovettura privata;In marcia / fermata / arresto;Passeggero;F;Illeso;0;;Non accertato;Inesistente
1731874;16;01/07/2007 16:30;Strada Urbana;VIA DI DONNA OLIMPIA;in prossimità;;del civico n. ;185;;Scontro frontale/laterale SX fra veicoli in marcia;Rettilineo;Una carreggiata a doppio senso;Asciutto;Asfaltata;Orizzontale;Sereno;Normale;Buona;Ore Diurne;2;0;0;2;;;-1;2;Motociclo a solo;In marcia / fermata / arresto;Conducente;M;Rimandato;0;NON DECEDUTO;Non accertato;Inesistente
1731874;16;01/07/2007 16:30;Strada Urbana;VIA DI DONNA OLIMPIA;in prossimità;;del civico n. ;185;;Scontro frontale/laterale SX fra veicoli in marcia;Rettilineo;Una carreggiata a doppio senso;Asciutto;Asfaltata;Orizzontale;Sereno;Normale;Buona;Ore Diurne;2;0;0;2;;;-1;2;Motociclo a solo;In marcia / fermata / arresto;Passeggero;M;Rimandato;0;NON DECEDUTO;Non accertato;Inesistente
1731875;16;09/07/2007 14:00;Strada Urbana;VIA DI BRAVETTA;all'intersezione con;VIA DEL FONTANILE ARENATO;VIA DEL FONTANILE ARENATO;;;Scontro frontale/laterale SX fra veicoli in marcia;Intersezione stradale segnalata;Una carreggiata a doppio senso;Asciutto;Asfaltata;Verticale ed orizzontale;Sereno;Normale;Buona;Ore Diurne;0;0;0;3;;;-1;1;Autovettura privata;In marcia / fermata / arresto;Conducente;F;Illeso;0;;Non accertato;Inesistente
1731875;16;09/07/2007 14:00;Strada Urbana;VIA DI BRAVETTA;all'intersezione con;VIA DEL FONTANILE ARENATO;VIA DEL FONTANILE ARENATO;;;Scontro frontale/laterale SX fra veicoli in marcia;Intersezione stradale segnalata;Una carreggiata a doppio senso;Asciutto;Asfaltata;Verticale ed orizzontale;Sereno;Normale;Buona;Ore Diurne;0;0;0;3;;;-1;1;Autovettura privata;In marcia / fermata / arresto;Passeggero;F;Illeso;0;;Non accertato;Inesistente
1731875;16;09/07/2007 14:00;Strada Urbana;VIA DI BRAVETTA;all'intersezione con;VIA DEL FONTANILE ARENATO;VIA DEL FONTANILE ARENATO;;;Scontro frontale/laterale SX fra veicoli in marcia;Intersezione stradale segnalata;Una carreggiata a doppio senso;Asciutto;Asfaltata;Verticale ed orizzontale;Sereno;Normale;Buona;Ore Diurne;0;0;0;3;;;-1;2;Autovettura privata;In marcia / fermata / arresto;Conducente;F;Illeso;0;;Non accertato;Inesistente
1731876;16;09/07/2007 19:10;Strada Urbana;VIA SILVESTRI;in prossimità;;del civico n. ;218;;Investimento di pedone;Rettilineo;Una carreggiata a doppio senso;Asciutto;Asfaltata;Verticale ed orizzontale;Sereno;Intenso;Buona;Ore Diurne;1;0;0;3;;;-1;;;;Pedone;F;Rimandato;0;NON DECEDUTO;;
1731876;16;09/07/2007 19:10;Strada Urbana;VIA SILVESTRI;in prossimità;;del civico n. ;218;;Investimento di pedone;Rettilineo;Una carreggiata a doppio senso;Asciutto;Asfaltata;Verticale ed orizzontale;Sereno;Intenso;Buona;Ore Diurne;1;0;0;3;;;-1;1;Motociclo con passeggero;In marcia / fermata / arresto;Conducente;M;Illeso;0;;Non accertato;Inesistente
1731876;16;09/07/2007 19:10;Strada Urbana;VIA SILVESTRI;in prossimità;;del civico n. ;218;;Investimento di pedone;Rettilineo;Una carreggiata a doppio senso;Asciutto;Asfaltata;Verticale ed orizzontale;Sereno;Intenso;Buona;Ore Diurne;1;0;0;3;;;-1;1;Motociclo con passeggero;In marcia / fermata / arresto;Passeggero;F;Illeso;0;;Non accertato;Inesistente
1731876;16;09/07/2007 19:10;Strada Urbana;VIA SILVESTRI;in prossimità;;del civico n. ;218;;Investimento di pedone;Rettilineo;Una carreggiata a doppio senso;Asciutto;Asfaltata;Verticale ed orizzontale;Sereno;Intenso;Buona;Ore Diurne;1;0;0;3;;;-1;2;Autovettura privata;In marcia / fermata / arresto;Conducente;M;Illeso;0;;Non accertato;Inesistente
1731877;16;10/07/2007 16:00;Strada Urbana;VIA DEGLI STRADIVARI;all'intersezione con;VIA GIOVANNI DA CASTEL BOLOGNESE;VIA GIOVANNI DA CASTEL BOLOGNESE;;;Tamponamento Multiplo;Intersezione non regolata/non segnalata;Una carreggiata a doppio senso;Asciutto;Asfaltata;Orizzontale;Sereno;Normale;Sufficiente;Ore Diurne;0;0;0;4;;;-1;1;Autovettura privata;In marcia / fermata / arresto;Conducente;F;Illeso;0;;Non accertato;Inesistente
1731877;16;10/07/2007 16:00;Strada Urbana;VIA DEGLI STRADIVARI;all'intersezione con;VIA GIOVANNI DA CASTEL BOLOGNESE;VIA GIOVANNI DA CASTEL BOLOGNESE;;;Tamponamento Multiplo;Intersezione non regolata/non segnalata;Una carreggiata a doppio senso;Asciutto;Asfaltata;Orizzontale;Sereno;Normale;Sufficiente;Ore Diurne;0;0;0;4;;;-1;2;Autocarro inferiore 35 q.;In marcia / fermata / arresto;Conducente;M;Illeso;0;;Non accertato;Inesistente
1731877;16;10/07/2007 16:00;Strada Urbana;VIA DEGLI STRADIVARI;all'intersezione con;VIA GIOVANNI DA CASTEL BOLOGNESE;VIA GIOVANNI DA CASTEL BOLOGNESE;;;Tamponamento Multiplo;Intersezione non regolata/non segnalata;Una carreggiata a doppio senso;Asciutto;Asfaltata;Orizzontale;Sereno;Normale;Sufficiente;Ore Diurne;0;0;0;4;;;-1;3;Autovettura privata;In marcia / fermata / arresto;Conducente;F;Illeso;0;;Non accertato;Inesistente
1731877;16;10/07/2007 16:00;Strada Urbana;VIA DEGLI STRADIVARI;all'intersezione con;VIA GIOVANNI DA CASTEL BOLOGNESE;VIA GIOVANNI DA CASTEL BOLOGNESE;;;Tamponamento Multiplo;Intersezione non regolata/non segnalata;Una carreggiata a doppio senso;Asciutto;Asfaltata;Orizzontale;Sereno;Normale;Sufficiente;Ore Diurne;0;0;0;4;;;-1;4;Autovettura privata;In marcia / fermata / arresto;Conducente;M;Illeso;0;;Non accertato;Inesistente
1731885;17;01/07/2007 23:30;Strada Urbana;VIA VESPASIANO;all'intersezione con;VIA DEGLI SCIPIONI;VIA DEGLI SCIPIONI;;;Scontro frontale/laterale DX fra veicoli in marcia;Incrocio;Una carreggiata a senso unico di marcia;Asciutto;Acciotolata;Verticale;Sereno;Scarso;Sufficiente;Sufficiente;0;0;0;3;;;-1;1;Autovettura privata;In marcia / fermata / arresto;Conducente;M;Illeso;0;;Utilizzato;Inesploso
1731885;17;01/07/2007 23:30;Strada Urbana;VIA VESPASIANO;all'intersezione con;VIA DEGLI SCIPIONI;VIA DEGLI SCIPIONI;;;Scontro frontale/laterale DX fra veicoli in marcia;Incrocio;Una carreggiata a senso unico di marcia;Asciutto;Acciotolata;Verticale;Sereno;Scarso;Sufficiente;Sufficiente;0;0;0;3;;;-1;1;Autovettura privata;In marcia / fermata / arresto;Passeggero;F;Illeso;0;;Utilizzato;Inesploso
1731885;17;01/07/2007 23:30;Strada Urbana;VIA VESPASIANO;all'intersezione con;VIA DEGLI SCIPIONI;VIA DEGLI SCIPIONI;;;Scontro frontale/laterale DX fra veicoli in marcia;Incrocio;Una carreggiata a senso unico di marcia;Asciutto;Acciotolata;Verticale;Sereno;Scarso;Sufficiente;Sufficiente;0;0;0;3;;;-1;2;Autovettura privata;In marcia / fermata / arresto;Conducente;M;Illeso;0;;Utilizzato;Inesistente
1731886;17;02/07/2007 12:40;Strada Urbana;VIA ANDREA DORIA;all'intersezione semaforizzata con;VIA RUGGERO DI LAURIA;VIA RUGGERO DI LAURIA;;;Scontro laterale fra veicoli in marcia;Incrocio;Una carreggiata a doppio senso;Bagnato (pioggia);Asfaltata;Verticale ed orizzontale;Nuvoloso;Normale;Buona;Ore Diurne;0;0;0;2;;;-1;1;Autovettura privata;In marcia / fermata / arresto;Conducente;F;Illeso;0;;Non accertato;Inesistente
1731886;17;02/07/2007 12:40;Strada Urbana;VIA ANDREA DORIA;all'intersezione semaforizzata con;VIA RUGGERO DI LAURIA;VIA RUGGERO DI LAURIA;;;Scontro laterale fra veicoli in marcia;Incrocio;Una carreggiata a doppio senso;Bagnato (pioggia);Asfaltata;Verticale ed orizzontale;Nuvoloso;Normale;Buona;Ore Diurne;0;0;0;2;;;-1;2;Autovettura privata;In marcia / fermata / arresto;Conducente;M;Illeso;0;;Non accertato;Inesistente
1731887;18;25/07/2007 13:10;Strada Urbana;VIA ANASTASIO II;da specificare;;;;civ. n. 24 (presenza impianto semaforico);Tamponamento;Rettilineo;Due carreggiate;Asciutto;Asfaltata;Verticale ed orizzontale;Sereno;Normale;Buona;Ore Diurne;0;0;0;2;;;-1;1;Autovettura privata;In marcia / fermata / arresto;Conducente;M;Illeso;0;;Utilizzato;Inesploso
1731887;18;25/07/2007 13:10;Strada Urbana;VIA ANASTASIO II;da specificare;;;;civ. n. 24 (presenza impianto semaforico);Tamponamento;Rettilineo;Due carreggiate;Asciutto;Asfaltata;Verticale ed orizzontale;Sereno;Normale;Buona;Ore Diurne;0;0;0;2;;;-1;2;Autovettura privata;In marcia / fermata / arresto;Conducente;M;Illeso;0;;Utilizzato;Inesistente
1731888;18;25/07/2007 15:45;Strada Urbana;VIA DI SELVA CANDIDA;all'intersezione con;VIA MOMBARUZZO;VIA MOMBARUZZO;;;Scontro frontale/laterale DX fra veicoli in marcia;Intersezione non regolata/non segnalata;Una carreggiata a doppio senso;Asciutto;Asfaltata;Orizzontale;Sereno;Normale;Buona;Ore Diurne;1;0;0;1;;;-1;1;Autovettura privata;In marcia / fermata / arresto;Conducente;F;Illeso;0;;Non accertato;Inesistente
1731888;18;25/07/2007 15:45;Strada Urbana;VIA DI SELVA CANDIDA;all'intersezione con;VIA MOMBARUZZO;VIA MOMBARUZZO;;;Scontro frontale/laterale DX fra veicoli in marcia;Intersezione non regolata/non segnalata;Una carreggiata a doppio senso;Asciutto;Asfaltata;Orizzontale;Sereno;Normale;Buona;Ore Diurne;1;0;0;1;;;-1;2;Ciclomotore;In marcia / fermata / arresto;Conducente;F;Rimandato;0;NON DECEDUTO;Non accertato;Inesistente
1731889;18;26/07/2007 00:20;Strada Urbana;VIA LEONE XIII;da specificare;;;;altezza VIA GIOVANNI DOMINICI;Veicolo in marcia contro ostacolo fisso;Curva a visuale libera;Due carreggiate;Asciutto;Asfaltata;Verticale ed orizzontale;Sereno;Scarso;Buona;Sufficiente;2;0;0;3;;;-1;1;Autovettura privata;In marcia / fermata / arresto;Conducente;M;Illeso;0;;Non accertato;Esploso