Protocollo;Gruppo;DataOraIncidente;Localizzazione1;STRADA1;Localizzazione2;STRADA2;Strada02;Chilometrica;DaSpecificare;NaturaIncidente;particolaritastrade;TipoStrada;FondoStradale;Pavimentazione;Segnaletica;CondizioneAtmosferica;Traffico;Visibilita;Illuminazione;NUM_FERITI;NUM_RISERVATA;NUM_MORTI;NUM_ILLESI;Longitudine;Latitudine;Confermato;Progressivo;TipoVeicolo;StatoVeicolo;TipoPersona;Sesso;Tipolesione;Deceduto;DecedutoDopo;CinturaCascoUtilizzato;Airbag
1732123;20;27/07/2007 10:00;Strada Urbana;PIAZZALE DI PONTE MILVIO;all'intersezione semaforizzata con;VIALE DI TOR DI QUINTO;VIALE DI TOR DI QUINTO;;;Scontro laterale fra veicoli in marcia;Incrocio;Una carreggiata a senso unico di marcia;Asciutto;Asfaltata;Verticale ed orizzontale;Sereno;Intenso;Buona;Ore Diurne;0;0;0;4;;;-1;1;Autovettura privata;In marcia / fermata / arresto;Conducente;M;Illeso;0;;Non accertato;Inesistente
1732123;20;27/07/2007 10:00;Strada Urbana;PIAZZALE DI PONTE MILVIO;all'intersezione semaforizzata con;VIALE DI TOR DI QUINTO;VIALE DI TOR DI QUINTO;;;Scontro laterale fra veicoli in marcia;Incrocio;Una carreggiata a senso unico di marcia;Asciutto;Asfaltata;Verticale ed orizzontale;Sereno;Intenso;Buona;Ore Diurne;0;0;0;4;;;-1;2;Autovettura privata;In marcia / fermata / arresto;Conducente;M;Illeso;0;;Non accertato;Inesistente
1732123;20;27/07/2007 10:00;Strada Urbana;PIAZZALE DI PONTE MILVIO;all'intersezione semaforizzata con;VIALE DI TOR DI QUINTO;VIALE DI TOR DI QUINTO;;;Scontro laterale fra veicoli in marcia;Incrocio;Una carreggiata a senso unico di marcia;Asciutto;Asfaltata;Verticale ed orizzontale;Sereno;Intenso;Buona;Ore Diurne;0;0;0;4;;;-1;2;Autovettura privata;In marcia / fermata / arresto;Passeggero;M;Illeso;0;;Non accertato;Inesistente
1732123;20;27/07/2007 10:00;Strada Urbana;PIAZZALE DI PONTE MILVIO;all'intersezione semaforizzata con;VIALE DI TOR DI QUINTO;VIALE DI TOR DI QUINTO;;;Scontro laterale fra veicoli in marcia;Incrocio;Una carreggiata a senso unico di marcia;Asciutto;Asfaltata;Verticale ed orizzontale;Sereno;Intenso;Buona;Ore Diurne;0;0;0;4;;;-1;3;Autocarro inferiore 35 q.;In marcia / fermata / arresto;Conducente;M;Illeso;0;;Non accertato;Inesistente
1732124;20;27/07/2007 11:10;Strada Urbana;PIAZZALE DI PONTE MILVIO;all'intersezione semaforizzata con;LARGO MARESCIALLO DIAZ;LARGO MARESCIALLO DIAZ;;;Tamponamento;Intersezione semaforizzata;Una carreggiata a senso unico di marcia;Asciutto;Asfaltata;Verticale ed orizzontale;Sereno;Intenso;Buona;Ore Diurne;0;0;0;2;;;-1;1;Motociclo a solo;In marcia / fermata / arresto;Conducente;M;Illeso;0;;Non accertato;Inesistente
1732124;20;27/07/2007 11:10;Strada Urbana;PIAZZALE DI PONTE MILVIO;all'intersezione semaforizzata con;LARGO MARESCIALLO DIAZ;LARGO MARESCIALLO DIAZ;;;Tamponamento;Intersezione semaforizzata;Una carreggiata a senso unico di marcia;Asciutto;Asfaltata;Verticale ed orizzontale;Sereno;Intenso;Buona;Ore Diurne;0;0;0;2;;;-1;2;Autovettura privata;In marcia / fermata / arresto;Conducente;F;Illeso;0;;Utilizzato;Inesploso
1732125;20;27/07/2007 17:00;Strada Urbana;VIA DELLA GIUSTINIANA;in corrispondenza;;del civico n. ;10;;Scontro laterale fra veicoli in marcia;Rettilineo;Una carreggiata a doppio senso;Asciutto;Asfaltata;Assente;Sereno;Normale;Buona;Ore Diurne;1;0;0;3;;;-1;1;Motociclo a solo;In marcia / fermata / arresto;Conducente;M;Rifiuta cure immediate;0;NON DECEDUTO;Non accertato;Inesistente
1732125;20;27/07/2007 17:00;Strada Urbana;VIA DELLA GIUSTINIANA;in corrispondenza;;del civico n. ;10;;Scontro laterale fra veicoli in marcia;Rettilineo;Una carreggiata a doppio senso;Asciutto;Asfaltata;Assente;Sereno;Normale;Buona;Ore Diurne;1;0;0;3;;;-1;2;Autovettura privata;In marcia / fermata / arresto;Conducente;M;Illeso;0;;Non accertato;Inesistente
1732125;20;27/07/2007 17:00;Strada Urbana;VIA DELLA GIUSTINIANA;in corrispondenza;;del civico n. ;10;;Scontro laterale fra veicoli in marcia;Rettilineo;Una carreggiata a doppio senso;Asciutto;Asfaltata;Assente;Sereno;Normale;Buona;Ore Diurne;1;0;0;3;;;-1;2;Autovettura privata;In marcia / fermata / arresto;Passeggero;M;Illeso;0;;Non accertato;Inesistente
1732125;20;27/07/2007 17:00;Strada Urbana;VIA DELLA GIUSTINIANA;in corrispondenza;;del civico n. ;10;;Scontro laterale fra veicoli in marcia;Rettilineo;Una carreggiata a doppio senso;Asciutto;Asfaltata;Assente;Sereno;Normale;Buona;Ore Diurne;1;0;0;3;;;-1;2;Autovettura privata;In marcia / fermata / arresto;Passeggero;M;Illeso;0;;Non accertato;Inesistente
1732126;20;28/07/2007 04:00;Strada Urbana;VIA DELLA GIUSTINIANA;in prossimità;;del civico n. ;500;;Veicolo in marcia contro ostacolo accidentale;Rettilineo;Una carreggiata a doppio senso;Asciutto;Asfaltata;Verticale ed orizzontale;Sereno;Scarso;Buona;Ore Diurne;0;0;0;1;;;-1;1;Autovettura privata;In marcia / fermata / arresto;Conducente;M;Illeso;0;;Non accertato;Inesistente
1732127;20;28/07/2007 02:10;Strada Urbana;VIA TRIONFALE;da specificare;;;;Prossimità intersezione via N. Tagliaferri;Scontro laterale fra veicoli in marcia;Rettilineo;Una carreggiata a doppio senso;Asciutto;Asfaltata;Assente;Sereno;Scarso;Buona;Ore Diurne;1;0;0;2;;;-1;1;Autovettura di polizia;In marcia / fermata / arresto;Conducente;M;Illeso;0;;Non accertato;Inesistente
1732127;20;28/07/2007 02:10;Strada Urbana;VIA TRIONFALE;da specificare;;;;Prossimità intersezione via N. Tagliaferri;Scontro laterale fra veicoli in marcia;Rettilineo;Una carreggiata a doppio senso;Asciutto;Asfaltata;Assente;Sereno;Scarso;Buona;Ore Diurne;1;0;0;2;;;-1;1;Autovettura di polizia;In marcia / fermata / arresto;Passeggero;M;Illeso;0;;Non accertato;Inesistente
1732127;20;28/07/2007 02:10;Strada Urbana;VIA TRIONFALE;da specificare;;;;Prossimità intersezione via N. Tagliaferri;Scontro laterale fra veicoli in marcia;Rettilineo;Una carreggiata a doppio senso;Asciutto;Asfaltata;Assente;Sereno;Scarso;Buona;Ore Diurne;1;0;0;2;;;-1;2;Motociclo a solo;In marcia / fermata / arresto;Conducente;M;Rimandato;0;NON DECEDUTO;Non accertato;Inesistente
1732130;1;24/07/2007 08:00;Strada Urbana;VIALE DELLE TERME DI CARACALLA;all'intersezione con;PIAZZALE NUMA POMPILIO;PIAZZALE NUMA POMPILIO;;;Tamponamento;Incrocio;Più di due carreggiate;Asciutto;Asfaltata;Verticale ed orizzontale;Sereno;Intenso;Buona;Ore Diurne;0;0;0;2;;;-1;1;Autovettura privata;In marcia / fermata / arresto;Conducente;M;Illeso;0;;Non accertato;Inesistente
1732130;1;24/07/2007 08:00;Strada Urbana;VIALE DELLE TERME DI CARACALLA;all'intersezione con;PIAZZALE NUMA POMPILIO;PIAZZALE NUMA POMPILIO;;;Tamponamento;Incrocio;Più di due carreggiate;Asciutto;Asfaltata;Verticale ed orizzontale;Sereno;Intenso;Buona;Ore Diurne;0;0;0;2;;;-1;2;Autocarro inferiore 35 q.;In marcia / fermata / arresto;Conducente;M;Illeso;0;;Non accertato;Inesistente
1732131;1;24/07/2007 09:15;Strada Urbana;PIAZZALE NUMA POMPILIO;all'intersezione semaforizzata con;VIALE DELLE TERME DI CARACALLA;VIALE DELLE TERME DI CARACALLA;;;Scontro laterale fra veicoli in marcia;Intersezione semaforizzata;Una carreggiata a doppio senso;Asciutto;Asfaltata;Verticale ed orizzontale;Sereno;Intenso;Buona;Ore Diurne;0;0;0;2;;;-1;1;Autovettura privata;In marcia / fermata / arresto;Conducente;M;Illeso;0;;Non accertato;Inesistente
1732131;1;24/07/2007 09:15;Strada Urbana;PIAZZALE NUMA POMPILIO;all'intersezione semaforizzata con;VIALE DELLE TERME DI CARACALLA;VIALE DELLE TERME DI CARACALLA;;;Scontro laterale fra veicoli in marcia;Intersezione semaforizzata;Una carreggiata a doppio senso;Asciutto;Asfaltata;Verticale ed orizzontale;Sereno;Intenso;Buona;Ore Diurne;0;0;0;2;;;-1;2;Autocarro inferiore 35 q.;In marcia / fermata / arresto;Conducente;M;Illeso;0;;Non accertato;Inesistente
1732132;1;25/07/2007 12:50;Strada Urbana;PIAZZA DELLA ROVERE;all'intersezione con;VIA DI PORTA S. SPIRITO;VIA DI PORTA S. SPIRITO;;;Scontro laterale fra veicoli in marcia;Incrocio;Una carreggiata a doppio senso;Asciutto;Asfaltata;Verticale ed orizzontale;Sereno;Scarso;Buona;Ore Diurne;1;0;0;1;;;-1;1;Autovettura privata;In marcia / fermata / arresto;Conducente;M;Illeso;0;;Non accertato;Inesistente
1732132;1;25/07/2007 12:50;Strada Urbana;PIAZZA DELLA ROVERE;all'intersezione con;VIA DI PORTA S. SPIRITO;VIA DI PORTA S. SPIRITO;;;Scontro laterale fra veicoli in marcia;Incrocio;Una carreggiata a doppio senso;Asciutto;Asfaltata;Verticale ed orizzontale;Sereno;Scarso;Buona;Ore Diurne;1;0;0;1;;;-1;2;Motociclo a solo;In marcia / fermata / arresto;Conducente;M;Rimandato;0;NON DECEDUTO;Non accertato;Inesistente
1732135;1;26/07/2007 02:10;Strada Urbana;VIA CAVOUR;all'intersezione con;LARGO VISCONTI VENOSTA;LARGO VISCONTI VENOSTA;;;Scontro laterale fra veicoli in marcia;Incrocio;Una carreggiata a doppio senso;Asciutto;Asfaltata;Verticale ed orizzontale;Sereno;Scarso;Buona;Sufficiente;1;0;0;1;;;-1;1;Autovettura privata;In marcia / fermata / arresto;Conducente;F;Illeso;0;;Utilizzato;Inesistente
1732135;1;26/07/2007 02:10;Strada Urbana;VIA CAVOUR;all'intersezione con;LARGO VISCONTI VENOSTA;LARGO VISCONTI VENOSTA;;;Scontro laterale fra veicoli in marcia;Incrocio;Una carreggiata a doppio senso;Asciutto;Asfaltata;Verticale ed orizzontale;Sereno;Scarso;Buona;Sufficiente;1;0;0;1;;;-1;2;Motociclo a solo;In marcia / fermata / arresto;Conducente;M;Rifiuta cure immediate;0;NON DECEDUTO;Non accertato;Inesistente
1732136;1;26/07/2007 09:00;Strada Urbana;VIA GIOVANNI GIOLITTI;in prossimità;;del civico n. ;107;;Tamponamento;Rettilineo;Una carreggiata a senso unico di marcia;Asciutto;Acciotolata;Orizzontale;Sereno;Normale;Buona;Ore Diurne;0;0;0;3;;;-1;1;Motociclo a solo;In marcia / fermata / arresto;Conducente;M;Illeso;0;;Utilizzato;Inesistente
1732136;1;26/07/2007 09:00;Strada Urbana;VIA GIOVANNI GIOLITTI;in prossimità;;del civico n. ;107;;Tamponamento;Rettilineo;Una carreggiata a senso unico di marcia;Asciutto;Acciotolata;Orizzontale;Sereno;Normale;Buona;Ore Diurne;0;0;0;3;;;-1;2;Autovettura privata;In marcia / fermata / arresto;Conducente;M;Illeso;0;;Non accertato;Inesistente
1732136;1;26/07/2007 09:00;Strada Urbana;VIA GIOVANNI GIOLITTI;in prossimità;;del civico n. ;107;;Tamponamento;Rettilineo;Una carreggiata a senso unico di marcia;Asciutto;Acciotolata;Orizzontale;Sereno;Normale;Buona;Ore Diurne;0;0;0;3;;;-1;2;Autovettura privata;In marcia / fermata / arresto;Passeggero;M;Illeso;0;;Non accertato;Inesistente
1732137;1;26/07/2007 10:30;Strada Urbana;VIALE AVENTINO;in prossimità;;del civico n. ;56;;Scontro frontale/laterale SX fra veicoli in marcia;Rettilineo;Una carreggiata a senso unico di marcia;Asciutto;Acciotolata;Verticale;Sereno;Normale;Buona;Ore Diurne;1;0;0;1;;;-1;1;Autovettura privata;In marcia / fermata / arresto;Conducente;F;Illeso;0;;Non accertato;Inesistente
1732137;1;26/07/2007 10:30;Strada Urbana;VIALE AVENTINO;in prossimità;;del civico n. ;56;;Scontro frontale/laterale SX fra veicoli in marcia;Rettilineo;Una carreggiata a senso unico di marcia;Asciutto;Acciotolata;Verticale;Sereno;Normale;Buona;Ore Diurne;1;0;0;1;;;-1;2;Motociclo a solo;In marcia / fermata / arresto;Conducente;F;Rimandato;0;NON DECEDUTO;Non accertato;Inesistente
1732138;1;26/07/2007 14:00;Strada Urbana;VIA CAVOUR;in corrispondenza;;del civico n. ;53;;Infortunio per caduta del veicolo;Rettilineo;Una carreggiata a doppio senso;Asciutto;Asfaltata;Verticale ed orizzontale;Sereno;Scarso;Buona;Ore Diurne;2;0;0;0;;;-1;1;Motociclo con passeggero;In marcia / fermata / arresto;Conducente;M;Rifiuta cure immediate;0;NON DECEDUTO;Non accertato;Inesistente
1732138;1;26/07/2007 14:00;Strada Urbana;VIA CAVOUR;in corrispondenza;;del civico n. ;53;;Infortunio per caduta del veicolo;Rettilineo;Una carreggiata a doppio senso;Asciutto;Asfaltata;Verticale ed orizzontale;Sereno;Scarso;Buona;Ore Diurne;2;0;0;0;;;-1;1;Motociclo con passeggero;In marcia / fermata / arresto;Passeggero;F;Ricoverato;0;NON DECEDUTO;Non accertato;Inesistente
1732139;1;26/07/2007 15:00;Strada Urbana;VIA DI S. MARIA IN COSMEDIN;all'intersezione semaforizzata con;LUNGOTEVERE AVENTINO;LUNGOTEVERE AVENTINO;;;Veicolo in marcia contro ostacolo accidentale;Intersezione semaforizzata;Una carreggiata a doppio senso;Asciutto;Acciotolata;Verticale ed orizzontale;Sereno;Scarso;Buona;Ore Diurne;1;0;0;2;;;-1;1;Autovettura privata;In marcia / fermata / arresto;Passeggero;F;Illeso;0;;Non accertato;Inesistente
1732139;1;26/07/2007 15:00;Strada Urbana;VIA DI S. MARIA IN COSMEDIN;all'intersezione semaforizzata con;LUNGOTEVERE AVENTINO;LUNGOTEVERE AVENTINO;;;Veicolo in marcia contro ostacolo accidentale;Intersezione semaforizzata;Una carreggiata a doppio senso;Asciutto;Acciotolata;Verticale ed orizzontale;Sereno;Scarso;Buona;Ore Diurne;1;0;0;2;;;-1;1;Autovettura privata;In marcia / fermata / arresto;Conducente;F;Illeso;0;;Non accertato;Inesistente
1732139;1;26/07/2007 15:00;Strada Urbana;VIA DI S. MARIA IN COSMEDIN;all'intersezione semaforizzata con;LUNGOTEVERE AVENTINO;LUNGOTEVERE AVENTINO;;;Veicolo in marcia contro ostacolo accidentale;Intersezione semaforizzata;Una carreggiata a doppio senso;Asciutto;Acciotolata;Verticale ed orizzontale;Sereno;Scarso;Buona;Ore Diurne;1;0;0;2;;;-1;2;Motociclo a solo;In marcia / fermata / arresto;Conducente;M;Rimandato;0;NON DECEDUTO;Non accertato;Inesistente
1732140;1;26/07/2007 16:15;Strada Urbana;PIAZZA DI S. GIOVANNI IN LATERANO;all'intersezione semaforizzata con;VIA MERULANA;VIA MERULANA;;;Scontro laterale fra veicoli in marcia;Intersezione semaforizzata;Una carreggiata a doppio senso;Asciutto;Asfaltata;Verticale ed orizzontale;Sereno;Normale;Buona;Ore Diurne;0;0;0;2;;;-1;1;Autobus di linea;In marcia / fermata / arresto;Conducente;M;Illeso;0;;Non accertato;Inesistente
1732140;1;26/07/2007 16:15;Strada Urbana;PIAZZA DI S. GIOVANNI IN LATERANO;all'intersezione semaforizzata con;VIA MERULANA;VIA MERULANA;;;Scontro laterale fra veicoli in marcia;Intersezione semaforizzata;Una carreggiata a doppio senso;Asciutto;Asfaltata;Verticale ed orizzontale;Sereno;Normale;Buona;Ore Diurne;0;0;0;2;;;-1;2;Autovettura privata;In marcia / fermata / arresto;Conducente;M;Illeso;0;;Non accertato;Inesistente
1732142;1;27/07/2007 05:45;Strada Urbana;VIALE MARCO POLO;all'intersezione semaforizzata con;VIA LUIGI RONCINOTTO;VIA LUIGI RONCINOTTO;;;Tamponamento Multiplo;Intersezione semaforizzata;Una carreggiata a doppio senso;Asciutto;Asfaltata;Verticale ed orizzontale;Sereno;Intenso;Buona;Ore Diurne;3;0;0;1;;;-1;1;Autocarro inferiore 35 q.;In marcia / fermata / arresto;Conducente;M;Illeso;0;;Utilizzato;Inesploso
1732142;1;27/07/2007 05:45;Strada Urbana;VIALE MARCO POLO;all'intersezione semaforizzata con;VIA LUIGI RONCINOTTO;VIA LUIGI RONCINOTTO;;;Tamponamento Multiplo;Intersezione semaforizzata;Una carreggiata a doppio senso;Asciutto;Asfaltata;Verticale ed orizzontale;Sereno;Intenso;Buona;Ore Diurne;3;0;0;1;;;-1;2;Autovettura privata;In marcia / fermata / arresto;Conducente;F;Rifiuta cure immediate;0;NON DECEDUTO;Utilizzato;Inesploso
1732142;1;27/07/2007 05:45;Strada Urbana;VIALE MARCO POLO;all'intersezione semaforizzata con;VIA LUIGI RONCINOTTO;VIA LUIGI RONCINOTTO;;;Tamponamento Multiplo;Intersezione semaforizzata;Una carreggiata a doppio senso;Asciutto;Asfaltata;Verticale ed orizzontale;Sereno;Intenso;Buona;Ore Diurne;3;0;0;1;;;-1;3;Autovettura privata;In marcia / fermata / arresto;Conducente;M;Rifiuta cure immediate;0;NON DECEDUTO;Utilizzato;Inesploso
1732142;1;27/07/2007 05:45;Strada Urbana;VIALE MARCO POLO;all'intersezione semaforizzata con;VIA LUIGI RONCINOTTO;VIA LUIGI RONCINOTTO;;;Tamponamento Multiplo;Intersezione semaforizzata;Una carreggiata a doppio senso;Asciutto;Asfaltata;Verticale ed orizzontale;Sereno;Intenso;Buona;Ore Diurne;3;0;0;1;;;-1;3;Autovettura privata;In marcia / fermata / arresto;Passeggero;F;Rifiuta cure immediate;0;NON DECEDUTO;Utilizzato;Inesploso
1732143;1;27/07/2007 08:15;Strada Urbana;VIA CRISTOFORO COLOMBO;all'intersezione con;VIALE DI PORTA ARDEATINA;VIALE DI PORTA ARDEATINA;;;Veicoli in marcia contro veicoli fermi;Incrocio;Più di due carreggiate;Asciutto;Asfaltata;Orizzontale;Sereno;Normale;Buona;Ore Diurne;1;0;0;1;;;-1;1;Motociclo a solo;In marcia / fermata / arresto;Conducente;M;Rifiuta cure immediate;0;NON DECEDUTO;Non accertato;Inesistente
1732143;1;27/07/2007 08:15;Strada Urbana;VIA CRISTOFORO COLOMBO;all'intersezione con;VIALE DI PORTA ARDEATINA;VIALE DI PORTA ARDEATINA;;;Veicoli in marcia contro veicoli fermi;Incrocio;Più di due carreggiate;Asciutto;Asfaltata;Orizzontale;Sereno;Normale;Buona;Ore Diurne;1;0;0;1;;;-1;2;Autovettura privata;In marcia / fermata / arresto;Conducente;M;Illeso;0;;Non accertato;Inesistente
1732144;1;27/07/2007 11:40;Strada Urbana;VIA GOITO;all'intersezione con;VIA GAETA;VIA GAETA;;;Scontro frontale/laterale DX fra veicoli in marcia;Incrocio;Una carreggiata a doppio senso;Asciutto;Asfaltata;Verticale;Sereno;Normale;Buona;Ore Diurne;2;0;0;0;;;-1;1;Autovettura privata;In marcia / fermata / arresto;Conducente;F;Rimandato;0;NON DECEDUTO;Utilizzato;Esploso
1732144;1;27/07/2007 11:40;Strada Urbana;VIA GOITO;all'intersezione con;VIA GAETA;VIA GAETA;;;Scontro frontale/laterale DX fra veicoli in marcia;Incrocio;Una carreggiata a doppio senso;Asciutto;Asfaltata;Verticale;Sereno;Normale;Buona;Ore Diurne;2;0;0;0;;;-1;2;Autovettura pubblica;In marcia / fermata / arresto;Conducente;M;Rimandato;0;NON DECEDUTO;Utilizzato;Esploso
1732145;1;27/07/2007 12:05;Strada Urbana;PIAZZA DELLA REPUBBLICA;da specificare;;;;direzione via delle TERME DI DIOCLEZIANO;Scontro laterale fra veicoli in marcia;Rettilineo;Una carreggiata a senso unico di marcia;Asciutto;Acciotolata;Verticale ed orizzontale;Sereno;Normale;Buona;Ore Diurne;0;0;0;2;;;-1;1;Autovettura di polizia;In marcia / fermata / arresto;Conducente;M;Illeso;0;;Non accertato;Inesistente
1732145;1;27/07/2007 12:05;Strada Urbana;PIAZZA DELLA REPUBBLICA;da specificare;;;;direzione via delle TERME DI DIOCLEZIANO;Scontro laterale fra veicoli in marcia;Rettilineo;Una carreggiata a senso unico di marcia;Asciutto;Acciotolata;Verticale ed orizzontale;Sereno;Normale;Buona;Ore Diurne;0;0;0;2;;;-1;2;Autovettura privata;In marcia / fermata / arresto;Conducente;M;Illeso;0;;Non accertato;Inesistente
1732146;1;27/07/2007 13:50;Strada Urbana;VIA SAN MARTINO DELLA BATTAGLIA;in corrispondenza;;del civico n. ;17;;Tamponamento;Rettilineo;Una carreggiata a doppio senso;Asciutto;Asfaltata;Verticale ed orizzontale;Sereno;Intenso;Buona;Ore Diurne;1;0;0;1;;;-1;1;Autovettura pubblica;In marcia / fermata / arresto;Conducente;M;Illeso;0;;Non accertato;Inesistente
1732146;1;27/07/2007 13:50;Strada Urbana;VIA SAN MARTINO DELLA BATTAGLIA;in corrispondenza;;del civico n. ;17;;Tamponamento;Rettilineo;Una carreggiata a doppio senso;Asciutto;Asfaltata;Verticale ed orizzontale;Sereno;Intenso;Buona;Ore Diurne;1;0;0;1;;;-1;2;Autovettura privata;In marcia / fermata / arresto;Conducente;M;Rifiuta cure immediate;0;NON DECEDUTO;Non accertato;Inesistente
1732147;1;27/07/2007 15:45;Strada Urbana;VIA DELLA SCALA;all'intersezione con;VIA DI S. DOROTEA;VIA DI S. DOROTEA;;;Veicolo in marcia contro ostacolo fisso;Incrocio;Una carreggiata a senso unico di marcia;Asciutto;Acciotolata;Verticale ed orizzontale;Sereno;Normale;Buona;Ore Diurne;0;0;0;1;;;-1;1;Motociclo a solo;In marcia / fermata / arresto;Conducente;M;Illeso;0;;Utilizzato;Inesistente
1732149;1;28/07/2007 00:10;Strada Urbana;PIAZZA ALBANIA;da specificare;;;;altezza VIA DI S.ANSELMO;Veicolo in marcia contro veicolo in sosta;Rettilineo;Più di due carreggiate;Asciutto;Acciotolata;Orizzontale;Sereno;Scarso;Sufficiente;Sufficiente;0;0;0;1;;;-1;1;Autovettura privata;In marcia / fermata / arresto;Conducente;F;Illeso;0;;Non accertato;Esploso
1732150;1;28/07/2007 11:45;Strada Urbana;PIAZZA DI PORTA CAPENA;da specificare;;;;in corrispondenza ingresso FAO;Scontro laterale fra veicoli in marcia;Rettilineo;Una carreggiata a senso unico di marcia;Asciutto;Asfaltata;Verticale ed orizzontale;Sereno;Normale;Buona;Ore Diurne;1;0;0;1;;;-1;1;Autovettura privata;In marcia / fermata / arresto;Conducente;M;Illeso;0;;Non accertato;Inesistente
1732150;1;28/07/2007 11:45;Strada Urbana;PIAZZA DI PORTA CAPENA;da specificare;;;;in corrispondenza ingresso FAO;Scontro laterale fra veicoli in marcia;Rettilineo;Una carreggiata a senso unico di marcia;Asciutto;Asfaltata;Verticale ed orizzontale;Sereno;Normale;Buona;Ore Diurne;1;0;0;1;;;-1;2;Motociclo a solo;In marcia / fermata / arresto;Conducente;M;Rimandato;0;NON DECEDUTO;Non accertato;Inesistente
1732151;1;28/07/2007 12:35;Strada Urbana;PIAZZA DELL'EMPORIO;all'intersezione semaforizzata con;LUNGOTEVERE AVENTINO;LUNGOTEVERE AVENTINO;;;Scontro frontale/laterale DX fra veicoli in marcia;Incrocio;Una carreggiata a doppio senso;Asciutto;Asfaltata;Verticale ed orizzontale;Sereno;Normale;Buona;Ore Diurne;2;0;0;1;;;-1;1;Motociclo a solo;In marcia / fermata / arresto;Conducente;M;Rifiuta cure immediate;0;NON DECEDUTO;Utilizzato;Inesistente
1732151;1;28/07/2007 12:35;Strada Urbana;PIAZZA DELL'EMPORIO;all'intersezione semaforizzata con;LUNGOTEVERE AVENTINO;LUNGOTEVERE AVENTINO;;;Scontro frontale/laterale DX fra veicoli in marcia;Incrocio;Una carreggiata a doppio senso;Asciutto;Asfaltata;Verticale ed orizzontale;Sereno;Normale;Buona;Ore Diurne;2;0;0;1;;;-1;2;Autovettura pubblica;In marcia / fermata / arresto;Conducente;M;Illeso;0;;Utilizzato;Inesploso
1732151;1;28/07/2007 12:35;Strada Urbana;PIAZZA DELL'EMPORIO;all'intersezione semaforizzata con;LUNGOTEVERE AVENTINO;LUNGOTEVERE AVENTINO;;;Scontro frontale/laterale DX fra veicoli in marcia;Incrocio;Una carreggiata a doppio senso;Asciutto;Asfaltata;Verticale ed orizzontale;Sereno;Normale;Buona;Ore Diurne;2;0;0;1;;;-1;3;Motociclo a solo;In marcia / fermata / arresto;Conducente;M;Rifiuta cure immediate;0;NON DECEDUTO;Utilizzato;Inesistente
1732152;1;28/07/2007 13:15;Strada Urbana;VIA GIOVANNI LANZA;in corrispondenza;;del civico n. ;178;;Scontro laterale fra veicoli in marcia;Rettilineo;Una carreggiata a doppio senso;Asciutto;Asfaltata;Orizzontale;Sereno;Scarso;Buona;Ore Diurne;0;0;0;3;;;-1;1;Autovettura privata;In marcia / fermata / arresto;Conducente;M;Illeso;0;;Utilizzato;Inesploso
1732152;1;28/07/2007 13:15;Strada Urbana;VIA GIOVANNI LANZA;in corrispondenza;;del civico n. ;178;;Scontro laterale fra veicoli in marcia;Rettilineo;Una carreggiata a doppio senso;Asciutto;Asfaltata;Orizzontale;Sereno;Scarso;Buona;Ore Diurne;0;0;0;3;;;-1;1;Autovettura privata;In marcia / fermata / arresto;Passeggero;M;Illeso;0;;Non accertato;Inesistente
1732152;1;28/07/2007 13:15;Strada Urbana;VIA GIOVANNI LANZA;in corrispondenza;;del civico n. ;178;;Scontro laterale fra veicoli in marcia;Rettilineo;Una carreggiata a doppio senso;Asciutto;Asfaltata;Orizzontale;Sereno;Scarso;Buona;Ore Diurne;0;0;0;3;;;-1;2;Autovettura privata;In marcia / fermata / arresto;Conducente;M;Illeso;0;;Utilizzato;Inesploso
1732153;20;28/07/2007 19:10;Strada Urbana;VIA FLAMINIA;all'intersezione con;VIA NICARAGUA;VIA NICARAGUA;;;Scontro frontale/laterale DX fra veicoli in marcia;Incrocio;Una carreggiata a doppio senso;Asciutto;Asfaltata;Verticale ed orizzontale;Sereno;Normale;Buona;Ore Diurne;1;0;0;1;;;-1;1;Autovettura privata;In marcia / fermata / arresto;Conducente;M;Illeso;0;;Non accertato;Inesistente
1732153;20;28/07/2007 19:10;Strada Urbana;VIA FLAMINIA;all'intersezione con;VIA NICARAGUA;VIA NICARAGUA;;;Scontro frontale/laterale DX fra veicoli in marcia;Incrocio;Una carreggiata a doppio senso;Asciutto;Asfaltata;Verticale ed orizzontale;Sereno;Normale;Buona;Ore Diurne;1;0;0;1;;;-1;2;Velocipede;In marcia / fermata / arresto;Conducente;M;Ricoverato;0;NON DECEDUTO;Non accertato;Inesistente
1732154;4;06/07/2007 19:40;Strada Urbana;VIA VAL DI LANZO;in prossimità;;del civico n. ;139;;Tamponamento;Rettilineo;Una carreggiata a doppio senso;Asciutto;Asfaltata;Verticale;Sereno;Normale;Buona;Ore Diurne;0;0;0;5;;;-1;1;Autovettura privata;In marcia / fermata / arresto;Conducente;M;Illeso;0;;Non accertato;Inesistente
1732154;4;06/07/2007 19:40;Strada Urbana;VIA VAL DI LANZO;in prossimità;;del civico n. ;139;;Tamponamento;Rettilineo;Una carreggiata a doppio senso;Asciutto;Asfaltata;Verticale;Sereno;Normale;Buona;Ore Diurne;0;0;0;5;;;-1;1;Autovettura privata;In marcia / fermata / arresto;Passeggero;F;Illeso;0;;Non accertato;Inesistente
1732154;4;06/07/2007 19:40;Strada Urbana;VIA VAL DI LANZO;in prossimità;;del civico n. ;139;;Tamponamento;Rettilineo;Una carreggiata a doppio senso;Asciutto;Asfaltata;Verticale;Sereno;Normale;Buona;Ore Diurne;0;0;0;5;;;-1;2;Autovettura privata;In marcia / fermata / arresto;Conducente;M;Illeso;0;;Non accertato;Inesistente